Fe2O3,MnO,P2O5,SiO2,TiO2,Al2O3,CaO,Na2O,MgO,K2O,MAP
3.32,0.05,0.05,88.26,0.72,8.98,0.64,1.12,0.58,1.97,1201.87
3.39,0.1,0.13,91.99,0.72,8.72,0.52,0.95,0.67,2.02,1201.76
1.58,0.01,0.06,96.45,0.7,4.53,0.01,0.08,0.16,0.58,1074.19
2.88,0.09,0.11,87.73,0.71,7.7,0.44,0.84,0.53,1.89,1201.76
2.77,0.05,0.11,72.03,0.46,6.41,0.87,1.85,0.75,2.99,347.37
4.44,0.08,0.1,85.41,0.74,10.16,0.45,0.89,0.77,1.97,1201.87
2.6,0.03,0.13,72.41,0.27,13.55,1.43,2.05,0.97,4.71,433.33
3.89,0.05,0.06,67.68,0.95,13.38,0.09,0.74,0.56,4,1315.97
2.8,0.05,0.03,89,0.77,6.69,0.04,0.11,0.34,1.18,1409.83
2.49,0.05,0.06,76.22,0.35,13.11,1.65,2.4,0.87,3.71,192.87
4.65,0.04,0.06,79.29,0.84,9.71,0.36,0.77,0.63,1.91,1207.91
1.55,0.02,0.05,79.82,1.21,3.05,0.02,0.17,0.01,0.72,1125.65
3.48,0.03,0.07,69.01,0.84,12.47,0.03,0.65,0.42,3.82,1315.97
4.05,0.04,0.06,71.81,0.79,11.44,0.06,1.39,0.6,2.59,1508.65
2.85,0.01,0.02,85.45,1.12,6.72,0.03,0.08,0.23,0.58,1258.78
2.75,0.01,0.05,90.57,0.79,8.64,0.01,0.08,0.32,1.08,1067.97
2.41,0.01,0.06,86.95,0.74,8.13,0.01,0.29,0.29,1.35,1192.81
1.79,0.03,0.04,85.98,0.35,7.6,0.39,0.7,0.6,2.01,633.23
4.73,0.03,0.06,85.44,0.91,10.06,0.37,0.18,0.57,1.45,1207.91
2.96,0.03,0.08,86.08,0.85,8.17,0.04,0.23,0.33,1.25,1087.5
4.32,0.07,0.13,72.53,0.81,6.91,0.49,1.46,0.82,1.81,1219.59
2.02,0.04,0.06,75.99,0.45,7.78,1.23,2.14,0.38,2.3,1216.95
4.04,0.06,0.03,82.96,0.98,8.91,0.05,0.16,0.49,1.36,1304.94
4.67,0.07,0.1,83.57,0.76,11.26,0.56,0.69,0.83,2.1,1201.87
4,0.04,0.05,75.51,0.84,11.15,0.49,0.9,0.9,2.36,968.23
5.85,0.04,0.03,75.67,1.25,12.34,0.04,0.31,0.77,1.63,1325.33
2.86,0.02,0.05,77.17,0.93,8.94,0.06,0.42,0.4,1.84,1286.26
5.64,0.04,0.06,71.74,1.15,12.18,0.12,0.83,1.07,1.82,1060.36
2.67,0.02,0.05,84.38,0.93,7.99,0.04,0.15,0.37,1.08,1241.33
5.18,0.04,0.07,75.82,0.81,10.8,0.38,0.83,0.78,2.01,1207.91
1.62,0.03,0.04,88.38,0.75,5.46,0.03,0.1,0.19,0.67,1142.95
4.54,0.06,0.02,76.99,0.95,10.91,0.06,0.21,0.66,2.09,1364.69
3.7,0.04,0.13,71.35,1,11.82,0.41,1.35,0.93,2.29,1173.33
2.56,0.05,0.06,80.3,0.34,8.28,0.73,1.63,1.14,1.74,315.08
4.23,0.04,0.04,80.55,0.74,8.71,0.3,0.48,0.51,1.48,1207.91
3.28,0.1,0.06,85.87,0.72,9.73,0.07,0.3,0.47,1.74,1193.81
3.01,0.06,0.12,69.71,0.49,6.6,0.95,1.52,0.82,2.81,347.37
3.63,0.07,0.12,78.47,0.73,10.76,0.14,0.59,0.55,2.5,1170.52
4.55,0.04,0.04,71.65,0.87,11.37,1.12,1.92,0.82,1.82,936.44
2.55,0.07,0.04,79.45,0.71,8.01,0.6,0.98,0.72,1.67,924.19
3.07,0.07,0.11,70.7,0.48,7.58,0.87,1.33,1.25,2.9,347.37
2.08,0.04,0.08,77.98,0.34,7.39,0.47,1.05,0.86,2.24,1033.7
3.74,0.02,0.06,69.42,0.97,11.83,0.05,0.64,0.75,2.54,1243.45
4.03,0.08,0.04,72.55,0.78,10.72,1.36,2.07,0.99,2,933.4
4.42,0.07,0.11,77.63,0.64,10.38,0.65,1.17,0.83,2.09,382.58
4.7,0.06,0.11,72.55,0.79,9.57,0.41,1.03,0.75,2.09,1201.76
3.87,0.01,0.04,78.47,0.91,9.43,0.06,0.2,0.48,1.39,1328.03
5.34,0.06,0.14,71.81,1.03,12.49,0.05,0.31,0.53,2.72,1192.93
2.7,0.01,0.04,75.71,1.1,8.92,0.05,0.33,0.41,1.31,1339.64
7.46,0.12,0.09,66.73,1.48,13.76,1.85,1.38,2.42,2.28,407.05
5.7,0.07,0.19,67.87,0.92,13.79,0.61,1.99,1.29,2.48,966.88
5.46,0.03,0.01,70.32,0.63,9.43,0.21,1.31,1.12,1.48,946.28
1.41,0.02,0.06,76.1,1.06,3.29,0.06,0.18,0.09,0.78,1125.65
3.54,0.04,0.09,76.6,0.94,9.5,0.07,0.62,0.49,1.53,1170.62
2.96,0.05,0.07,78.82,0.46,9.22,0.59,0.92,1.01,2.17,446.41
4.34,0.07,0.14,72.21,0.59,6.31,0.71,1.34,0.94,1.87,448.64
4.91,0.07,0.14,72.23,0.6,6.48,0.74,1.26,1.07,1.81,448.72
4.64,0.09,0.13,74.07,0.74,7.73,1.09,1.62,1.24,1.57,1240.38
3.46,0.06,0.18,71.63,0.63,6.23,0.57,1.16,0.83,2.19,1583.48
8.93,0.16,0.01,39.9,0.04,1.7,0.16,0.12,27,0.12,1526.45
4.74,0.05,0.07,67.21,0.98,11.74,0.86,1.62,1.31,2.06,936.79
5.59,0.08,0.16,64.14,0.85,8.63,0.41,0.81,1.2,2.87,922.19
2.18,0.04,0.08,82.21,0.71,8.13,0.11,0.67,0.32,1.19,1280.37
5.3,0.06,0.06,76.51,0.8,11.17,0.51,0.7,0.74,1.83,1207.91
3.82,0.06,0.08,68.39,0.65,4.63,0.21,0.86,0.47,1.8,1015.85
7.87,0.13,0.21,68.59,1.46,15.22,0.93,1.54,1.05,2.18,1108.29
5.63,0.04,0.06,65.57,1,12.89,0.04,0.58,1.01,2.6,1308.47
4.87,0.03,0.06,74.31,1.02,12.77,0.05,0.25,0.54,2.01,1400
4.99,0.04,0.06,74.21,0.81,10.67,0.48,0.72,0.72,1.86,1207.91
4.12,0.07,0.08,77.52,0.67,10.83,0.64,1.22,1.21,1.71,379.55
3.62,0.07,0.09,71.76,0.79,10.92,1.29,1.86,0.7,2.21,1253.17
3.99,0.02,0.08,79.11,0.71,11.86,0.66,0.93,0.93,1.7,1044.18
3.03,0.07,0.14,65.84,0.75,5.17,0.38,1.12,0.46,2.23,811
5.23,0.04,0.06,76.62,0.76,12.63,0.43,0.89,1.03,1.7,1088.03
1.95,0.01,0.03,80.49,0.86,6.36,0.03,0.1,0.25,0.84,1163.81
2.96,0.07,0.1,56.64,0.43,6.65,1.43,3.27,0.65,2.76,1368.78
4.58,0.06,0.02,75,0.86,10.66,0.07,0.22,0.66,1.86,1309.9
3.62,0.04,0.07,74.19,0.63,11.61,1.04,1.13,1.17,2.52,537.19
4.44,0.08,0.06,71.38,1.21,12.02,0.14,0.2,0.55,2.27,1325.28
4.13,0.13,0.06,70.79,1.22,13.71,0.13,0.56,0.86,2.61,1308.47
3.88,0.09,0.12,75.39,0.74,9.28,0.5,0.9,0.75,2.04,1201.76
3.74,0.02,0.03,76.93,0.88,9.09,0.07,0.23,0.44,1.24,1356.35
0.66,0.01,0.05,80.32,0.56,1.66,0.04,0.3,0.01,0.61,775.73
7.2,0.06,0.06,65.97,1.08,15.42,0.31,0.71,1.48,2.58,1206.3
2.3,0.04,0.1,71.66,0.47,7.97,1.64,1.61,0.74,2.71,402.33
4.66,0.05,0.06,64.57,0.58,4.2,0.26,0.83,0.42,1.97,996.94
3.67,0.07,0.08,78.68,0.67,9.74,0.43,0.64,0.67,1.86,1201.87
4.35,0.06,0.05,73.13,0.81,10.28,0.31,0.69,0.66,1.9,1207.91
3.11,0.12,0.11,68.99,0.46,13.13,1.7,2.54,0.69,3.58,655.1
3.13,0.04,0.17,72.2,0.67,5.46,0.31,1.21,0.57,1.33,1220.22
1.71,0.04,0.08,64.46,0.26,10.25,1.75,2.64,0.78,3.53,354.89
3.17,0.05,0.08,63.17,0.41,5.95,1.51,2.24,0.48,2.55,894.18
7.16,0.06,0.11,64.78,0.74,11.9,0.19,1.39,1.12,2.09,1104.32
3.47,0.05,0.12,76.24,0.6,11.19,1.19,1.07,1.12,2.58,542.04
3.01,0.05,0.32,84.04,0.54,13.05,1.8,2.77,0.89,1.74,557.73
3.28,0.02,0.07,73.49,0.77,9.69,0.05,0.33,0.51,2.05,1267.92
3.41,0.06,0.1,74,0.56,11.08,0.87,1.1,1.19,2.58,387.97
4.71,0.02,0.02,69.36,0.86,10.46,0.06,0.3,0.64,2.02,1322.54
2.69,0.04,0.07,77.51,0.33,5.06,0.26,0.61,0.31,1.57,1073.38
2.98,0.01,0.04,70.53,0.95,9.08,0.07,0.4,0.42,1.72,1261.44
3.62,0.04,0.16,68.64,0.74,4.37,0.08,0.65,0.28,1.59,1470.77
2.82,0.06,0.1,76.82,0.37,8.98,1.27,1.75,1.4,1.87,315.08
4.26,0.07,0.12,68.52,0.83,8.64,0.27,0.97,0.64,2,1423.2
4.66,0.07,0.08,62.37,1.08,4.14,0.01,0.21,0.08,1.8,1329.25
5.96,0.07,0.12,65.64,0.68,13.91,0.76,2.42,2.81,1.86,1371.31
5.52,0.07,0.08,77.91,0.79,10.55,0.03,0.1,0.43,1.64,1350.13
4.18,0.04,0.09,76.08,0.71,11.71,0.46,0.98,0.83,1.67,1098.84
4.68,0.03,0.09,70.42,1.05,15.84,0.06,0.25,0.8,2.77,1295.68
3.76,0.03,0.02,76.16,1.02,8.9,0.1,0.11,0.37,0.98,1471.86
4.7,0.1,0.09,76.1,0.73,11.71,0.64,1.18,0.9,1.84,1118.87
3.14,0.04,0.06,75.44,0.61,12.29,0.36,1.16,1,1.87,411.46
4.7,0.08,0.12,69.46,0.57,13.25,0.53,0.74,2.65,3.11,428.96
3.86,0.08,0.13,76.08,0.59,11.24,1.07,1.06,1.62,2.4,409.83
2.61,0.07,0.09,68.01,0.63,6.6,0.48,1.11,0.64,2.19,860.2
2.52,0.02,0.07,76.82,1.04,11.6,0.03,0.14,0.38,1.63,1201.18
3.1,0.04,0.1,77.26,0.48,8.96,1.8,1.09,0.94,2.38,391.81
3.93,0.01,0.11,82.2,0.89,6.51,0.03,0.07,0.27,0.13,1096.2
6.71,0.09,0.12,74.59,0.65,12.31,0.53,0.67,1.06,2.26,1037.4
10.74,0.08,0.24,48.52,0.82,5.38,1.77,2.78,0.71,2,869.45
3.95,0.02,0.06,79.82,0.7,7.64,0.03,0.06,0.3,0.88,1235.24
4.25,0.08,0.13,73.29,0.75,9.74,0.31,0.74,0.75,1.99,1201.76
5.15,0.1,0.06,71.52,0.74,11.67,0.68,0.91,1.07,2.33,968.23
2.64,0.01,0.05,78.56,0.77,6.68,0.06,0.16,0.24,0.83,1235.44
3.72,0.1,0.11,75.44,0.6,11.35,1.26,1.3,1.04,2.49,427.77
6.56,0.1,0.19,65.13,0.88,15.43,0.73,1.38,1.8,3.1,954
5.05,0.1,0.06,72.14,1.1,10.98,0.23,0.31,0.85,1.72,1047.92
4.25,0.1,0.11,74.63,0.74,10.34,0.62,0.76,0.83,2.13,1201.76
1.81,0.02,0.08,83.5,0.74,6.17,0.19,0.15,0.19,0.56,1218.65
1.33,0.01,0.04,73.79,0.5,3.47,0.02,0.25,0.01,1.31,1127.15
2.32,0.04,0.06,68.97,0.5,4.76,0.48,0.95,0.58,1.76,666.28
4.3,0.21,0.07,81.42,0.93,10.44,0.02,0.25,0.56,1.62,1409.83
1.6,0.02,0.03,78.05,0.27,6.31,1.57,0.96,0.36,2.07,285.34
2.78,0.06,0.05,76.61,0.63,9.52,0.39,0.57,0.62,1.81,411.08
0.54,0.01,0.03,79.86,0.97,3.56,0.1,0.04,0.06,0.07,1222.83
4.42,0.11,0.18,68.46,0.71,6.58,0.82,0.68,1.17,2.46,707.5
2.22,0.07,0.09,78.37,0.39,7.86,1.44,1.57,0.67,1.75,545.26
3.67,0.03,0.22,72.37,0.57,11.02,1.02,2.09,1.01,1.75,1016.25
2.74,0.01,0.09,81.48,0.71,8.29,0.03,0.11,0.3,0.89,1204.66
7.4,0.01,0.04,62.57,1.08,17.14,0.05,0.3,1.36,2.72,1206.3
4.02,0.08,0.13,73.38,0.73,10.47,0.37,0.8,0.85,2.02,1082
1.25,0.02,0.02,82.06,0.26,3.74,0.27,0.25,0.27,0.9,506.28
3.57,0.04,0.08,73.55,0.88,10.41,0.07,0.15,0.39,1.85,1439.41
3.89,0.06,0.12,75.74,0.61,11.07,2.06,1.29,1.23,2.46,428.25
7.34,0.11,0.16,58.91,0.84,13.26,1.04,1.25,2.22,3.35,954
5.85,0.03,0.15,71.54,0.88,7.83,0.27,0.81,0.62,0.69,1035.81
3.17,0.03,0.04,72.74,1.04,10.12,0.35,0.39,0.94,1.26,417.63
2.67,0.01,0.06,80.85,0.28,4.12,0.2,0.12,0.2,0.89,454.24
4.47,0.06,0.04,68.34,0.83,12.05,0.18,0.46,0.93,2.29,1535.45
2.7,0.01,0.02,73.67,1.05,5.53,0.09,0.05,0.19,0.39,1457.46
5.15,0.11,0.14,70.46,0.9,12.87,1.49,1.8,1.14,2.13,655.15
5,0.06,0.1,61.19,0.73,4.95,0.72,0.71,0.76,2.12,616.77
6.26,0.04,0.15,63.36,0.84,11.48,0.66,1.33,1.02,2.06,1313.83
0.93,0.01,0.02,83.99,0.17,2.78,0.21,0.17,0.22,0.6,506.28
5.15,0.04,0.11,63.11,1.05,16.32,0.06,0.27,0.86,3.37,1224.38
2.48,0.02,0.07,71.52,0.75,7.07,0.2,0.34,0.28,1.53,1158.6
6.43,0.14,0.11,63.96,1.12,12.87,0.21,0.67,1.11,2.5,963.96
2.71,0.03,0.1,69.26,0.58,5.89,0.03,0.76,0.47,1.38,1290.59
2.08,0.04,0.07,77.85,0.46,6.24,2.14,0.94,0.67,1.99,683.4
0.21,0,0.05,85.88,0.21,0.84,0.01,0.01,0.04,0.1,1177.84
4.86,0.03,0.05,63.74,1.12,12.88,0.07,0.17,0.59,2.37,1325.28
6.97,0.11,0.2,58.44,0.9,16.45,0.7,2.02,1.6,3.16,1028.41
3.66,0.1,0.07,76.98,0.46,10.48,1.07,1.48,0.63,1.72,1316.26
2.8,0.05,0.16,56.28,0.37,8.36,2,3.52,0.57,2.77,946.12
7.66,0.08,0.08,51.13,0.79,13.76,3,2.17,3.16,3.99,293
6.45,0.07,0.19,56.94,1,6.13,0.4,1.43,0.39,1.47,1356.42
4.45,0.07,0.23,66.83,0.48,12.2,2.66,2.51,1.19,3.33,326.37
4.15,0.04,0.08,65.21,0.75,9.36,0.41,0.96,0.66,1.92,1462.87
6.1,0.08,0.09,65.93,0.91,12.19,0.69,1.17,0.77,1.92,1305.09
4.42,0.07,0.09,67.08,0.92,11.65,0.11,0.23,0.62,2.48,1267.92
3.87,0.07,0.09,70.51,0.5,10.73,0.69,0.82,1.37,2.4,423.53
1.95,0.24,0.03,90.1,0.61,4.68,0.12,0.07,0.2,0.55,1441.85
5.43,0.12,0.24,64.41,0.89,13.08,1.86,1.78,1.36,3.23,412.39
2.91,0.04,0.15,68.78,0.46,10.06,1.32,1.44,0.98,2.69,439.99
3.56,0.09,0.04,71.83,0.48,10.91,0.69,1.23,0.73,2.07,369.19
1.89,0.02,0.03,80.31,0.57,10.61,0.24,0.3,0.51,1.36,420.72
5.18,0.03,0.12,68.29,0.81,9.58,0.33,1.12,0.96,1.01,1035.81
5.1,0.1,0.14,68.74,0.84,11.85,1.86,1.84,1.25,2.12,575.53
4.93,0.1,0.09,67.42,1.12,13.02,0.54,0.92,0.73,1.92,1178.16
4.56,0.09,0.11,66.22,0.92,11.66,0.09,0.31,0.55,2.51,1262.08
1.39,0.01,0.02,72.47,0.58,4.34,0.08,0.2,0.08,1.04,1146.56
4.67,0.13,0.09,70.06,0.67,12.62,0.77,1.21,1.2,2.41,891.97
4.89,0.06,0.08,72.32,0.81,10.21,0.1,0.11,0.86,1.5,1236.6
5.8,0.04,0.07,62.6,0.81,12.32,0.85,1.74,0.93,1.68,936.79
4.68,0.14,0.15,70.34,0.62,12.01,0.68,1.18,1.17,2.51,848.31
4.01,0.02,0.1,66.82,0.98,12.54,0.04,0.18,0.53,2.22,1325.11
3.32,0.16,0.18,59.65,0.45,6.36,1.52,3.46,0.66,1.93,1368.78
5.11,0.07,0.05,69.48,0.74,12.25,0.35,0.5,1.57,1.84,1361.84
4.57,0.09,0.14,64.89,0.6,10.78,2.59,2.26,0.89,2.84,380.24
3.9,0.14,0.12,70.9,0.66,10.87,0.73,1.05,0.89,2.34,841.95
4.71,0.08,0.1,65.87,0.96,13.67,0.13,0.31,0.74,2.62,1262.08
5.33,0.03,0.08,69.36,0.74,11.78,0.74,0.67,1.06,1.8,1028.17
4.64,0.06,0.12,69.86,0.71,10.54,0.57,0.64,0.79,1.93,1201.76
1.89,0.05,0.07,73.43,0.23,6.89,1.03,1.62,0.41,1.47,600.5
5.13,0.08,0.08,65.22,0.9,13.85,0.59,1.08,0.82,2.24,1222.34
3.83,0.06,0.14,68.19,0.52,12.73,0.53,1.92,0.42,1.99,1091.67
3.74,0.06,0.05,79.88,0.72,11.66,0.25,0.21,0.81,1.06,410.8
4.15,0.05,0.13,67.88,0.82,11.04,1.46,1.78,1.24,1.48,455
4.28,0.07,0.07,71.34,0.67,11.37,0.52,1.06,0.79,1.48,1119.42
1.25,0.02,0.1,80.79,0.58,5.13,0.17,0.11,0.15,0.45,1218.65
3.36,0.08,0.16,66.06,0.52,13.58,2.34,2.45,1.3,3.13,225.17
5.23,0.02,0.24,67.64,0.73,9.11,0.22,1.11,0.95,1.09,1040.35
4.27,0.08,0.13,68.08,0.55,12.57,2.25,1.66,1.71,2.94,346.33
3.69,0.12,0.15,69.59,0.62,10.51,0.99,1.45,0.95,2.13,783.77
5.9,0.05,0.06,65.79,0.67,11.27,0.46,1.28,1.11,1.21,968.68
5.15,0.14,0.06,75.05,0.54,11.21,1,0.93,0.85,1.79,755.98
5.46,0.09,0.05,63.69,1.01,12.58,0.12,0.34,1.04,2.03,1470.36
3.99,0.03,0.07,71.71,0.59,10.1,0.52,0.59,0.61,1.53,977.78
3.79,0.07,0.16,63.19,0.86,11.79,4.85,3.04,0.84,3.42,290.17
7.61,0.06,0.15,51.28,0.99,5.36,0.62,1.43,0.77,1.16,1332.07
5.55,0.09,0.2,68.49,0.9,13.16,2.81,2.28,1.76,2.06,297.86
5.18,0.04,0.13,58.19,0.75,7.55,0.84,1.56,1.04,1.53,1293.87
4.71,0.11,0.19,66.58,0.66,12.46,1.54,1.17,1.1,3.2,282.41
4.99,0.1,0.1,69.13,0.72,11.53,0.79,0.79,1.06,2.03,959.82
4.02,0.05,0.07,61.53,0.65,8.56,1.01,1.85,0.84,1.45,1231.54
5.03,0.09,0.15,65.95,0.6,12.01,1.13,1.07,1.47,2.72,867.66
4.46,0.07,0.09,66.05,0.74,10.84,0.86,0.73,1.12,2.18,973.97
4.87,0.04,0.23,67.49,0.63,8.73,0.2,1.11,0.8,1.27,1096.62
4.06,0.06,0.07,61.05,0.55,6.5,1.13,1.82,0.67,1.43,1286.95
3.1,0.03,0.05,70.66,0.94,12.51,0.03,0.12,0.47,1.64,1239.18
5.06,0.08,0.07,63.57,0.73,12.05,1.64,1.84,0.89,2.11,340.76
6.72,0.11,0.04,64.86,1.04,14.77,0.4,0.26,1.08,2.33,1047.65
4.88,0.11,0.14,67.42,0.62,12.56,0.69,1.05,1.29,2.47,891.97
4.48,0.14,0.09,66.56,0.69,11.21,0.73,1.44,1.05,1.93,1118.9
6.84,0.08,0.1,51.37,0.84,6.01,0.42,0.95,0.65,1.89,1235.4
5.04,0.04,0.15,62.05,1.01,9.04,0.38,0.77,0.57,1.38,1371.01
3.73,0.08,0.07,64.37,0.67,10.28,0.67,0.91,0.75,2.26,1049.21
3.68,0.08,0.16,65,0.48,9.93,2.77,2,1.21,3.01,234.29
2.34,0.05,0.26,62.38,0.43,10.04,2.01,3.01,1.01,2.44,307.16
4.1,0.04,0.05,70.73,0.71,13.06,0.37,0.76,0.74,1.56,1093.23
1.87,0.02,0.02,62.84,0.3,8.11,2.2,2.73,0.38,1.93,895.16
3.77,0.09,0.11,68.45,0.51,11.97,1.08,1.25,1.59,2.37,336.55
4.73,0.15,0.12,67.84,0.6,11.53,0.78,1.19,1.19,2.32,848.31
13.06,0.12,0.22,51.39,2.05,20.37,0.03,0.29,0.37,2.25,1457.65
3.24,0.08,0.12,59.4,0.54,4.35,0.48,1.24,0.53,1.68,515.17
7.76,0.05,0.11,53.56,1.15,10.96,0.29,0.63,0.43,1.88,1228.89
7.95,0.22,0.27,60.9,1.66,13.94,0.99,1.45,0.88,1.82,1392.19
5.07,0.07,0.24,69.47,0.58,13.97,3.04,1.78,1.68,3.24,378.34
9.09,0.15,0.17,57.33,1.68,15.68,0.78,1.17,0.94,1.65,1118.29
5.42,0.07,0.09,64.81,0.8,12.74,1.03,1.22,1.35,1.84,1221.19
1.35,0.01,0.04,71.9,0.59,6.23,0.01,0.07,0.18,0.98,1154.25
2.77,0.02,0.14,62.39,0.44,9.89,0.7,2.21,0.63,1.6,652.86
9.82,0.05,0.16,56.96,1.03,8.91,0.6,0.65,1.33,1.05,1134.98
4.02,0.16,0.1,68.46,0.67,8.5,0.52,1.02,0.6,1.65,1020.01
4.87,0.06,0.06,62.11,0.86,12.47,1.81,2.14,1.29,1.56,458
4.63,0.08,0.24,61.05,0.6,12.18,3.13,2.79,1.39,3.11,392.33
4.13,0.07,0.27,65.27,0.8,10.68,0.99,1.69,0.78,1.79,1202.3
8.84,0.17,0.18,56.28,1.7,14.19,0.76,1.14,0.85,1.58,1118.29
8.84,0.12,0.18,59.95,1.41,17.25,0.81,1.25,1.12,1.9,1113.29
2.73,0.08,0.07,74.87,0.62,8.64,0.05,0.12,0.37,1.21,1222.11
3.26,0.05,0.12,73.57,0.55,9.58,2.79,1.11,0.96,2.27,397.1
4.54,0.07,0.04,70.37,0.55,11.91,0.74,0.8,0.93,1.68,743.34
3.95,0.17,0.18,68.37,0.57,9.92,0.34,0.76,0.88,2.45,649.2
3.52,0.12,0.14,67.35,0.63,10.5,1.01,1.36,0.9,2.11,783.77
2.63,0.06,0.08,77.35,0.38,8.65,3.59,1.14,1.24,2.49,258.32
5.24,0.07,0.09,59.91,0.6,14.71,2.95,2.4,2.4,3.01,225.83
12.38,0.17,0.26,56.27,2.31,18.27,0.34,0.56,0.59,1.01,1183.6
4.09,0.07,0.11,57.32,0.63,5.2,0.73,1.51,0.5,1.4,1313.09
5.14,0.1,0.08,65.91,0.65,11.77,0.69,0.82,1.14,2,959.5
4.1,0.07,0.1,59.56,0.65,13.59,2.67,1.92,1.03,3.5,284.08
3.38,0.03,0.07,73.62,1.04,12.93,0.22,0.19,0.33,0.89,1221.17
5.63,0.11,0.38,66.76,1.13,13.03,1.21,1.62,1.03,1.74,1084.75
5.31,0.13,0.03,65.08,0.9,12.4,0.11,0.31,0.92,1.82,1382.51
7.2,0.14,0.16,60.03,0.85,16.34,0.56,1.88,2.24,1.97,1499.71
3.92,0.12,0.13,67.19,0.6,11.19,1.03,1.31,1.07,2.06,783.77
5.16,0.1,0.19,56.78,0.57,14.72,0.83,1.55,2.1,3.28,421.34
4.12,0.11,0.09,67.65,0.56,11.53,0.89,0.92,0.99,2.18,756.68
4.49,0.12,0.1,64.5,0.7,9.25,0.63,0.96,0.67,1.69,1020.01
5.06,0.12,0.09,68.84,0.66,12.68,0.76,0.86,1.25,1.87,984.97
0.92,0.04,0.04,81.61,0.25,3.82,0.02,0.01,0.1,0.1,289.67
3.91,0.13,0.07,68.1,0.54,10.31,1.54,1.23,1.4,2.05,566.25
2.52,0.05,0.06,60.29,0.29,5.91,1.01,1.84,0.54,1.56,1334.77
20.23,0.08,0.16,30.78,3.68,22.98,0.13,0.09,0.17,0.06,661.54
7.6,0.06,0.25,50.35,1.08,5.17,0.01,0.53,0.24,1.34,1339.33
4.26,0.07,0.1,67.27,0.52,13.35,2.53,1.48,2.25,2.63,400.72
4.39,0.05,0.08,59.27,0.64,10.59,0.58,0.88,0.85,2.18,1049.21
4.01,0.01,0.03,66.73,0.6,8.48,0.06,0.1,0.26,1.07,1189.6
13.96,0.2,0.3,46.87,2.73,18.71,0.51,0.71,0.67,1.12,1193.97
6.86,0.04,0.26,59.7,0.7,11.14,0.24,1.07,1.2,1.58,935.66
5.05,0.06,0.1,62.97,0.73,13.15,0.78,0.74,1.31,2.15,980.73
8.36,0.08,0.09,51.36,1.37,13.5,0.27,0.47,1,1.72,1256.28
4.99,0.09,0.31,64.55,0.59,14.88,3.3,2.71,1.79,3.15,326.65
6.25,0.04,0.13,61.47,0.66,12.97,0.26,1.09,1.18,1.46,1043.78
4.79,0.08,0.1,60.56,0.53,12.32,0.84,1.11,1.12,2.45,1049.21
5.28,0.07,0.14,65.22,1.09,13.36,0.36,0.54,0.55,1.43,1159.04
2.13,0.06,0.05,64.63,0.29,5.21,0.99,1.7,0.35,0.95,1313.27
6.58,0.17,0.3,49.78,1.01,10.1,0.55,2,1.56,2.1,1110.08
1.02,0.01,0.02,71.53,0.19,2.76,0.22,0.17,0.17,0.64,506.28
15.45,0.32,0.46,49.05,2.93,17.46,0.38,0.58,0.45,1.07,1177.38
4.87,0.07,0.13,60.39,0.48,12.22,1,1.7,1.67,1.95,371.21
4.45,0.19,0.1,67.66,0.66,9.79,0.62,0.98,0.7,1.64,1020.01
14.6,0.25,0.35,48.41,2.59,16.73,0.45,0.63,0.56,0.97,1193.25
4.25,0.19,0.29,65.82,0.71,13.92,1.5,2.05,0.97,2.71,946.77
10.11,0.2,0.19,57.99,1.72,14.69,1.59,0.79,2.25,1.4,481.93
5.45,0.07,0.11,51.84,0.69,10.36,3.33,2.74,2.1,2.43,450.2
3.61,0.08,0.1,66.31,0.43,8.65,1.6,1.17,1.12,1.75,447.24
2.85,0.12,0.15,67.64,0.39,9.26,1.12,1.49,0.7,1.89,609.68
8.6,0.17,0.28,61.4,1.79,12.89,4.96,1.84,3.73,1.77,432.31
5.31,0.15,0.13,57.74,0.96,11.81,0.21,0.32,0.82,2.5,1146.54
9.02,0.07,0.38,59.5,0.91,13.29,0.31,1,1.58,1.52,1000
4.96,0.1,0.1,63.02,1,14.02,0.91,0.82,0.84,1.82,1206.12
2.57,0.05,0.08,57.59,0.28,8.88,2.52,2.84,0.81,2.11,913.11
4.47,0.09,0.06,67.52,0.63,13.89,2.99,2.92,1.53,1.09,836.13
6.45,0.13,0.13,60.88,0.81,16.24,1.64,1.41,1.44,2.61,419.52
3.83,0.01,0.03,75.69,0.76,12.35,0.06,0.01,0.15,0.18,1179.72
5.39,0.08,0.26,57.7,0.63,10.93,2.76,1.86,2.11,2.73,463.53
3.57,0.02,0.04,73.96,0.66,11.09,0.61,0.16,0.55,0.52,418.41
5.77,0.02,0.06,62.61,1.18,16.2,0.1,0.12,0.35,1.28,1320.64
3.76,0.03,0.1,67.61,0.97,12.26,0.25,0.23,0.34,0.86,1218.98
7.34,0.07,0.13,57.96,0.71,11.34,1.13,1.19,1.45,1.36,506.83
4.01,0.02,0.04,65.13,0.43,7.96,0.34,0.09,0.49,1.17,772.3
6.24,0.18,0.07,52.97,0.87,6.76,0.55,0.68,0.75,1.69,812.52
6.28,0.1,0.1,55.01,0.74,14.3,0.21,0.2,1.2,2.79,1146.54
4.75,0.09,0.11,60.56,0.61,13.61,0.88,0.9,1.4,2.29,776.46
6.13,0.04,0.1,61.72,1.04,15.45,0.41,0.4,0.64,1.39,1183.91
5.26,0.11,0.22,53.49,0.57,12.77,7.1,5.15,2.76,3.17,141.65
7.03,0.08,0.1,54.62,0.84,17.95,0.46,0.39,3.45,2.61,1346.54
5.53,0.05,0.09,62.04,0.64,13.14,0.72,0.75,1.09,1.58,1020.01
5.16,0.07,0.19,61.1,0.7,13.91,2.74,1.8,1.59,2.45,378.34
6.99,0.26,0.17,57.46,1.21,17.21,3.31,3.78,1.26,1.86,267.3
2.67,0.11,0.13,68.16,0.33,8.52,2.71,1.79,1.41,1.71,620.47
12.95,0.12,0.35,55.73,0.65,14.98,0.13,0.45,0.81,2.22,1499.98
4.89,0.09,0.11,65.12,0.55,13.32,3.2,2.95,1.94,1.02,697.68
2.89,0.04,0.07,68.05,0.45,10.05,4.77,1.42,0.89,2.87,280.66
3.71,0.07,0.15,62.21,0.58,9.31,2.48,1.06,1.1,2.24,544.66
15.73,0.24,0.36,41.31,2.9,19.22,0.37,0.47,0.49,0.85,1254.3
3.42,0.06,0.14,62.01,0.58,9.73,3.11,0.97,2.57,2.44,669.78
3.23,0.06,0.17,60.92,0.49,10.06,1.83,1.34,0.88,2.07,445.89
3.06,0.22,0.03,73.71,0.78,9.8,0.23,0.19,0.28,0.75,1222.01
6.26,0.03,0.27,52.5,0.71,10.58,0.62,1.15,1.14,1.64,1012.27
5.29,0.04,0.09,61.26,1.33,15.28,0.11,0.07,0.18,0.86,1271.21
3.89,0.12,0.1,59.26,0.61,10.27,0.84,0.82,0.84,1.96,1006.02
3.58,0.15,0.09,66.18,1.13,11.94,0.1,0.07,0.26,0.96,1269.2
2.69,0.06,0.16,63.56,0.44,8.62,3.23,1.37,1.09,2.48,347.37
6.85,0.07,0.11,55.03,1.01,15.23,0.06,0.06,0.67,1.94,1473.8
7.05,0.09,0.13,53.36,0.86,16.34,0.28,0.21,1.61,2.61,1146.54
7.86,0.18,0.36,49.32,1.17,8.55,2.78,2.73,1.08,1.44,262.33
4.33,0.06,0.09,65.25,0.51,12.57,3.51,1.14,2.19,2.38,357.16
4.33,0.09,0.3,59.5,0.61,13.89,5.23,2.93,1.32,3.64,148.4
5.25,0.11,0.17,65.17,0.7,13.37,3.83,3.08,1.99,1.04,612.94
3.34,0.03,0.04,72.54,0.57,10.4,4.64,0.78,1.08,2.12,569.52
4.4,0.08,0.12,54.16,0.38,12.17,2.24,1.62,2.87,2.57,346.66
3.28,0,0.05,74.22,0.49,13.69,0.04,0.03,0.07,0.44,1198.35
4.53,0.12,0.16,64.1,0.62,13.26,2.78,2.62,1.52,1.21,839.79
5.69,0.12,0.15,57.88,1.16,14.97,0.69,0.61,0.73,1.62,1206.13
4.97,0.12,0.09,59.63,0.64,14.18,2.08,1.7,2.37,1.74,239.03
3.15,0.08,0.05,60.77,0.31,9.16,0.47,0.76,0.64,1.35,1090.23
4.87,0.08,0.2,69.9,0.73,13.6,5.79,1.26,2.59,3.16,306.7
5.98,0.01,0.03,63.69,0.62,16.3,0.05,0.05,0.17,1.3,1316.76
7.83,0.05,0.08,58.85,0.85,17.56,0.03,0.04,0.61,1.58,1452.71
4.31,0.09,0.14,65.5,0.46,15.47,3.54,2.31,1.45,2.25,389.47
5.26,0.2,0.21,71.81,0.5,4.83,0.03,0.03,0.04,0.17,1431.04
4.86,0.05,0.1,62.76,1.07,16.5,0.28,0.23,0.53,1.11,1218.65
7.5,0.12,0.11,41.78,0.89,5.75,1.08,1.47,1.01,0.92,742.77
2.52,0.07,0.12,67.77,0.36,9.17,3.37,1.39,0.78,1.92,368.27
2.22,0.04,0.1,64.65,0.5,7.95,4.68,1.17,2.38,2.29,649.3
3.52,0.06,0.11,59.86,0.53,9.39,2.79,0.96,1.23,2.14,445.93
6.4,0.15,0.07,62.91,1.03,13.32,4.17,2.27,2.14,0.94,1287.34
3.23,0.06,0.14,66.22,0.48,11.89,5.92,2.6,1.64,2.55,227.11
4.97,0.14,0.4,59.98,0.82,14.96,1.69,2.35,0.94,1.75,1187.81
5.53,0.04,0.09,56.29,0.64,15.49,0.71,0.74,1.22,1.67,1020.01
6.25,0.12,0.14,57.42,1.08,13.63,1.52,0.26,0.97,1.85,1361.23
2.38,0.03,0.04,74.01,0.3,8.32,5.77,1.02,0.92,2.31,257.28
5.12,0.09,0.1,58.18,0.63,14.76,2.57,1.71,2.59,1.67,304.4
4.22,0.06,0.11,65.86,0.61,14.53,3.67,0.23,2.2,2.96,430.48
3.36,0.05,0.13,71.74,0.54,9.89,5.5,1.1,1.12,2.22,391.81
5.49,0.05,0.11,64.3,1.13,19.73,0.13,0.06,0.32,1,1269.2
6.49,0.14,0.23,53.59,0.92,15.16,3.79,2.84,1.88,1.91,254.22
2.33,0.05,0.09,71.79,0.33,7.78,4.43,0.63,1.06,1.76,302.96
7.4,0.15,0.25,55.03,0.99,16.77,4.45,2.63,2.59,2.19,284.81
6.86,0.42,0.11,57.68,0.49,10.09,0.48,0.82,0.89,2.25,644.98
5.83,0.11,0.3,55.26,0.7,15.68,2.66,0.91,1.96,3.23,285.11
6.19,0.09,0.24,52.07,0.69,12.56,2.03,2.27,1.29,0.89,422
3.19,0.04,0.01,45.05,0.87,10.56,0.4,0.44,0.37,1.32,1174.47
8.9,0.05,0.23,48.01,1.45,20.19,0.22,0.14,0.56,1.58,1487.45
4.31,0.07,0.13,62.51,0.56,12.79,4.64,1.04,2.66,2.39,433.5
4.58,0.26,0.45,59.57,0.78,13.08,1.61,2.19,0.87,1.85,843.21
13.73,0.38,0.33,45.53,2.43,19.24,0.55,0.59,0.64,0.87,1308.11
5.38,0.11,0.26,58,0.63,15.29,2.8,2.68,1.36,1.09,559
3.12,0.04,0.08,63.61,0.46,10.58,6.05,1.31,1.11,2.77,280.42
2.85,0.09,0.11,66.86,0.47,11.48,4.64,1.48,1.47,1.8,421.27
5.21,0.01,0.04,57.91,0.89,16.53,0.04,0.02,0.08,0.33,1191.01
5.84,0.22,0.16,63.08,0.79,14.9,2.3,0.97,2.6,1.22,431.57
2.98,0.06,0.04,66.19,0.37,8.71,5.36,0.95,1.2,1.83,318.27
3.88,0.07,0.15,61.89,0.52,11.68,5.32,1.17,2.52,2.34,406.02
6.93,0.14,0.4,49.94,1.13,12.62,5.32,2.79,1.6,1.9,209.96
15.8,0.34,0.44,29.41,3.29,19.04,0.22,0.2,0.75,0.32,260.29
3.05,0.04,0.13,63.18,0.41,9.11,5.36,0.92,1.42,1.86,385.03
4.4,0.07,0.11,52.03,0.48,11.46,4,0.92,2.87,2.09,333.79
9.36,0.14,0.24,50.97,0.98,15.78,5.91,2.87,2.95,1.39,341.89
6.4,0.14,0.29,46.57,0.83,14.41,3.88,2.72,1.6,1.64,173.64
6.55,0.24,0.23,51.16,1.15,14.91,0.67,0.32,0.96,1.03,1201.23
6.8,0.12,0.19,46.45,0.68,14.2,4.67,2.8,3.29,0.95,1112.59
3.3,0.06,0.07,61.26,0.44,10.27,8.79,1.79,1.48,2.88,217.69
9.84,0.2,0.36,46.03,1.32,13.69,5.3,2.58,2.75,0.8,607.01
2,0.04,0.25,63.13,0.37,7.47,6.55,0.85,2.6,1.89,482.51
2.66,0.05,0.18,62.83,0.33,7.89,6.2,0.97,1.69,1.63,316.42
7.51,0.11,0.21,43.38,1.31,22.61,0.33,0.25,0.96,1.33,1200.26
3.7,0.04,0.09,61.72,0.59,10.84,6.76,0.5,1.04,2.07,610.03
6.14,0.03,0.17,39.51,1.32,20.69,0.22,0.1,0.65,1.01,1200.82
15.23,0.15,0.53,15.36,3.33,17.29,1.31,0.04,0.63,0.17,972.32
3.06,0.06,0.13,48.39,0.44,8.89,9.11,2.8,4.55,2.4,154.23
4.79,0.04,0.15,40.77,0.57,14.35,3.39,0.69,1.88,2.49,442.04
9.05,0.1,0.07,48.25,0.97,21.96,0.14,0.03,0.3,0.35,1145.39
4.85,0.03,0.19,44.37,1.26,22.58,0.32,0.16,0.72,0.91,1197.79
8.52,0.11,0.21,42.3,1.33,23.43,0.29,0.15,0.77,0.97,1173.05
4.24,0.1,0.2,56.09,0.63,11.34,7.7,1.58,1.89,2.3,365.91
3.26,0.06,0.14,66.38,0.42,9.44,9.15,1.41,2.21,1.82,382.63
10.86,0.08,0.08,44.93,0.97,23.84,0.14,0.02,0.27,0.26,1145.39
4.77,0.07,0.13,52.92,0.85,10.52,11.51,2.66,1.47,2.97,292.04
8.86,0.19,0.21,40.54,1.39,24.08,0.2,0.16,0.81,1.18,1197.71
5.68,0.16,0.18,50.65,0.61,14.63,9.02,3,2.6,2.27,175.59
2.92,0.05,0.18,59.81,0.44,10.8,8.81,1.24,1.55,2.38,468.34
3.74,0.05,0.14,52.93,0.43,10.31,7.82,0.78,2.35,2.35,408.59
7.26,0.13,0.52,49.04,1.15,16.41,8.48,2.94,2.59,1.98,209.96
5.17,0.06,0.2,39.37,1.32,24.96,0.29,0.08,0.74,0.93,1174.51
2.81,0.06,0.1,61.81,0.43,8.56,9.73,1.15,1.96,1.76,452.59
15.65,0.28,1.1,19.82,3.76,20.85,1.49,0.07,0.99,0.27,909.6
16.51,1.48,0.05,59.2,0.35,6.34,0.24,0.33,0.64,1.76,692.43
1.58,0.03,0.09,66.23,0.23,5.58,11.59,0.32,1.35,1.53,292.16
4.74,0.08,0.17,54.59,0.56,12.62,11.17,0.71,2.43,2.66,411.24
2.65,0.03,0.09,52.83,0.38,8.63,11.01,0.88,1.11,2.28,284.57
4.68,0.09,0.17,52.71,0.55,12.51,11.31,0.72,2.37,2.78,411.4
3.82,0.07,0.12,53.89,0.48,9.7,13.12,1.89,2.19,2.03,303.16
2.79,0.06,0.13,53.91,0.46,8.69,12.88,1.06,1.23,2.09,353.66
2.46,0.05,0.08,55.68,0.33,8.56,14.15,1.34,2.45,2.06,273.07
2.73,0.04,0.11,49.51,0.51,9.96,15.25,2.14,0.82,2.99,293.01
3.35,0.05,0.08,51.14,0.42,9.64,15.47,1.54,1.95,2.24,282.69
4.6,0.18,0.09,51.28,0.65,11.32,10.87,0.15,1.22,0.95,1010.5
2.89,0.05,0.19,49.49,0.43,8.63,13.62,0.98,1.83,1.76,380.46
2.09,0.06,0.11,56.06,0.3,6.69,14.76,1.09,2.09,1.41,452.51
3.2,0.05,0.18,46.27,0.41,9.67,13.12,0.3,4.54,1.99,311.64
4.57,0.08,0.15,46.38,0.53,12.14,13.98,0.95,2.53,2.37,411.89
2.62,0.03,0.07,56.17,0.44,8.33,16.17,0.62,1.12,1.7,553.51
1.57,0.03,0.07,43.88,0.2,6.12,15.9,1.21,6.04,1.17,509.07
1.38,0.03,0.08,34.95,0.22,4.27,13.39,0.16,3.33,1.12,386.02
12.72,0.68,2.05,38.4,2.43,17.16,3.35,0.75,1.38,0.57,1494.63
3.32,0.05,0.15,45.72,0.32,8.79,16.57,0.48,4.22,2.08,384.59
1.94,0.05,0.2,34.59,0.29,6.22,16.51,1.65,5.73,1.83,130.18
2.51,0.07,0.11,35.3,0.35,7.15,18,0.89,8.94,1.54,307.8
1.84,0.04,0.13,36.51,0.29,5.34,15.79,0.13,3.69,1.05,311.64
1.02,0.03,0.06,42.06,0.16,2.69,22.63,0.3,5.9,0.73,131.67
1.9,0.04,0.09,32.16,0.26,5.77,21.49,0.75,3.88,1.26,342.14
1.85,0.03,0.1,31.72,0.27,5.13,21.42,0.53,1.71,1.35,254.13
11.76,0.04,4.87,32.67,0.42,21.95,0.12,1.61,0.5,1.42,1044.45
2.01,0.04,0.06,30.34,0.25,5.55,27.13,0.69,4.06,1.1,311.38
0.2,0.01,0.02,7.81,0.04,0.86,28.15,0.17,0.17,0.31,255.1
0.14,0,0.01,5.44,0.02,0.45,29.87,0.06,0.14,0.12,150.97
2.17,0.03,0.13,17.77,0.27,6.1,35.93,0.08,0.72,0.59,946.65
1.15,0.02,0.05,25.34,0.15,4.31,38.27,0.05,0.67,0.21,870.71
0.04,0,0.1,1.18,0.01,0.09,48.79,1,2.29,0.05,1011.81
1.72,0.03,0.03,74.9,0.29,7.17,0.35,2.68,0.2,3.74,786.47
1.33,0.01,0.06,95.76,1.01,4.32,0,0.07,0.17,0.55,1074.19
4.05,0.04,0.08,73.6,1.09,9.9,0.45,2.14,0.81,1.62,1041.51
4.36,0.05,0.08,80.71,0.83,10.67,0.8,1.31,0.89,2.3,817.51
3.87,0.03,0.04,80.62,0.65,9.25,0.87,1.15,0.88,2.07,818.27
2.06,0.02,0.03,86.04,1.02,5.72,0.04,0.08,0.3,0.65,1132.23
3.45,0.11,0.17,63.95,0.58,9.24,0.77,1.54,0.89,4.36,313.18
4.95,0.04,0.04,71.84,1,11.56,0.12,0.41,0.78,2.57,1314.86
1.64,0.01,0.01,81.09,0.26,6.17,0.55,0.87,0.31,2.04,285.41
3.94,0.05,0.1,70.01,0.82,6.64,0.75,1.75,0.99,1.6,1229.19
3.22,0.04,0.09,74.03,0.59,4.79,0.75,1.08,0.62,1.89,830
4.06,0.04,0.03,74.44,1.02,9.66,0.07,0.44,0.55,1.83,1322.97
1.87,0.02,0.03,80.94,0.3,7.1,1.07,1.03,0.4,2.35,284.4
3.31,0.04,0.04,73.63,0.33,13.18,1.81,1.93,1.37,3.68,186.33
3.34,0.01,0.06,75.67,0.99,4.56,0.02,0.13,0.11,1.03,1233.17
3.08,0.07,0.1,82.21,0.51,8.97,0.78,1.36,0.76,1.77,411.08
1.21,0.03,0.04,81.51,0.22,6.02,0.35,0.54,0.36,2.29,634.41
3,0.04,0.06,75.28,0.48,3.97,0.26,0.63,0.47,1.71,735.58
4.15,0.07,0.09,78.09,0.76,10.44,0.33,0.76,0.82,1.94,1091.97
4.9,0.04,0.11,66.21,0.91,6.22,0.06,0.69,0.6,1.81,1054.95
1.26,0.01,0.03,86.21,0.22,3.39,0.2,0.27,0.18,1.06,436.74
3.85,0.08,0.12,78.08,0.74,9.54,0.46,0.74,0.7,2.06,1201.76
4.59,0.03,0.05,74.83,1.06,12.86,0.06,0.29,0.72,1.91,1348.31
3.95,0.06,0.11,70.19,0.52,6.43,0.53,1.12,0.7,2.16,793.38
1.55,0.02,0.03,83.48,0.7,4.53,0.04,0.1,0.21,0.58,1201.18
3.95,0.07,0.12,76.44,0.75,10.09,0.43,0.69,0.73,2.12,1201.76
2.01,0.01,0.06,80.97,0.61,7.47,0.04,0.56,0.3,1.09,1170.62
2.21,0.03,0.06,80.26,0.73,7.08,0.08,0.22,0.28,1.3,1307.16
3.45,0.05,0.09,75.29,0.56,8.93,1.15,1.25,0.72,2.16,452.54
4.12,0.08,0.25,71.08,0.81,5.86,0.45,1.31,0.77,1.6,1220.99
3.91,0.06,0.11,73.91,0.62,10.26,0.84,1.17,0.8,2.34,427.16
3.41,0.09,0.05,79.76,0.97,10.14,0.05,0.16,0.46,1.55,1352.24
1.15,0.02,0.03,80.38,0.8,4.42,0.07,0.05,0.21,0.72,1483.53
9.08,0.07,0.1,62.55,1.15,11.68,0.54,0.8,0.8,2,1280.9
2.87,0.03,0.03,79.33,0.3,8.14,0.67,0.85,0.78,1.74,318.27
5.02,0.06,0.07,66.51,1,12.88,0.1,0.39,0.78,2.78,1197.75
2.08,0.04,0.07,79.2,0.35,7.45,1.82,1.05,1.23,2.23,426.64
6.2,0.13,0.06,68.24,1.19,13.28,0.12,0.59,1.14,2.12,1011.51
2.76,0.05,0.12,68.72,0.4,7.82,1.03,1.44,1.27,2.62,367.98
6.99,0.04,0.21,65.63,0.77,10.35,0.38,1.29,1.06,1.91,1111.25
4.05,0.1,0.07,75.22,0.71,11.43,0.57,1.28,0.84,1.78,1119.16
2.91,0.08,0.1,58.39,0.38,8.2,1.18,3.39,0.53,2.41,1368.78
0.95,0.02,0.04,83.53,0.51,4.32,0.06,0.13,0.15,0.62,1142.95
4.4,0.04,0.1,65.3,0.79,8.69,0.32,1.01,0.63,1.93,1423.2
4.34,0.07,0.08,69.95,0.7,7.61,1.34,0.75,1.14,2.33,712.08
4.57,0.12,0.16,74.15,0.74,11.84,0.42,0.92,0.92,2.41,1210.17
4.86,0.06,0.09,68.6,0.7,12.11,0.61,1,0.98,2.55,1049.21
5.08,0.04,0.04,67.32,0.98,12.43,0.52,0.98,0.76,1.89,1262.12
4.35,0.06,0.11,72.97,0.54,11.4,1.17,1.46,1.25,2.22,439.06
1.01,0.03,0.05,72.8,0.36,3.84,0.16,0.88,0.14,1.43,814.44
5.24,0.07,0.19,65.11,0.61,14.5,2.43,1.9,2.21,3.93,530.39
3.64,0.05,0.1,70.96,0.49,6.91,0.51,1.02,0.92,1.69,313.25
2.56,0.04,0.17,68.53,0.52,7.56,2.14,2.31,0.96,2.29,1359.24
6.41,0.18,0.06,68.95,1,12.69,0.05,0.25,0.69,2.7,1371.56
4.29,0.06,0.09,71.47,0.71,10.53,1.04,1.45,0.87,1.77,1221.36
4.26,0.03,0.07,73.97,0.68,11.24,0.48,0.96,0.77,1.55,1048.44
4.93,0.1,0.19,65.03,0.56,12.19,2.31,2.87,1.03,3.03,305.55
6,0.09,0.23,60.92,0.9,13.85,0.69,2.09,1.36,2.61,1028.41
3.85,0.07,0.12,56.13,0.52,6.25,1.93,3.1,0.92,2.24,841.94
4.35,0.02,0.06,68.56,0.64,6.19,0.11,0.61,0.44,1.19,1104.11
4.81,0.03,0.05,74.97,1.03,8.53,0.19,0.1,0.27,0.61,1096.9
3.98,0.05,0.07,66.37,0.72,10.58,0.65,1.25,0.75,2.11,1419.85
6.01,0.04,0.12,65.96,0.66,10.12,0.31,1.28,1.27,1.48,938.81
5.16,0.08,0.09,64.5,0.74,8.89,1.13,1.74,1.12,1.73,292.31
4.44,0.03,0.11,64,0.96,12,0.05,0.44,0.68,2.45,1284.72
6.96,0.05,0.19,66.14,0.74,12.3,0.34,1.42,1.39,1.67,962.4
4.33,0.03,0.08,61.67,0.97,12.58,0.06,0.33,0.68,2.84,1197.75
3.86,0.07,0.15,64.17,0.71,9.93,1.41,2.12,1,2.25,933.4
6.94,0.11,0.11,59.57,1.09,13.64,0.15,0.54,1.24,2.89,1060.36
5.13,0.11,0.24,47.5,0.6,14.89,4.25,6.58,2.47,2.97,135.32
6.28,0.16,0.03,67.04,0.99,14.28,0.13,0.48,1.45,2.35,1432.76
4.11,0.07,0.05,69.93,0.7,9.09,0.79,1,0.8,1.55,934.15
7.13,0.03,0.03,58.79,1.07,15.99,0.09,0.31,1.9,2.51,1470.36
0.98,0.01,0.03,82.29,0.16,2.99,0.21,0.15,0.23,0.6,506.28
4.56,0.06,0.07,59.15,0.55,8.25,0.95,1.55,0.38,2.44,448.97
2.51,0.08,0.17,71.96,0.48,7.76,0.6,0.57,0.68,2.47,220.07
3.93,0.11,0.09,73.47,0.51,10.66,1.04,1.26,1.38,1.95,527.95
3.43,0.05,0.13,74.87,0.56,11.29,3.35,1.67,1.47,2.77,269.4
10.24,0.15,0.24,60.2,2.04,15.44,0.39,0.7,0.66,1.2,1109.94
5.82,0.05,0.15,57.91,0.84,5.45,0.22,0.98,0.24,1.45,1383.74
3.76,0.07,0.13,74.38,0.57,10.64,1.16,1.03,1.03,1.91,408.77
4.72,0.08,0.1,67.87,0.56,13.27,0.9,1.07,1.96,2.58,374.97
4.61,0.1,0.14,69.84,0.6,12.51,1.1,0.65,1.93,2.91,430.3
5.24,0.07,0.11,62.04,0.61,15.2,3.11,3.3,1.68,2.84,173.25
5.36,0.19,0.11,72.21,0.66,12.57,0.73,1.61,0.78,1.92,1313.56
5.75,0.02,0.06,64.85,0.71,9.1,0.14,0.1,0.63,1.74,1030.4
4.06,0.06,0.09,61.01,0.65,14.03,2.24,2.04,0.85,3.49,284.08
5.17,0.17,0.11,67.1,0.94,13.17,0.15,0.61,0.82,2.51,1230.64
3.03,0.05,0.14,73,0.54,10.59,3.3,1.81,1.36,2.71,273.48
3.1,0.03,0.03,78.31,0.47,11,0.09,0.11,0.31,1.43,409.54
4.7,0.1,0.13,66.95,1.06,11.63,0.38,0.61,0.6,1.87,1175.89
1.66,0.02,0.05,77.84,0.24,3.75,0.6,0.22,0.28,0.91,433.32
5.04,0.09,0.17,60.35,0.83,10.28,1.92,2.25,1.31,2.03,337.08
4.18,0.09,0.08,63.88,0.72,9.83,0.47,0.77,0.72,2.12,1049.21
5.16,0.11,0.09,66.07,0.77,11.74,0.59,0.78,1.09,2.13,1000.73
4.72,0.11,0.22,69.37,0.67,11.79,1.25,1.04,1.19,2.55,968.23
4.94,0.28,0.03,68.83,0.75,12.3,0.12,0.38,0.89,2.94,1514.19
5.45,0.08,0.08,62.66,0.73,12.88,0.78,0.73,1.3,2.59,968.23
5.03,0.03,0.05,73.03,0.72,10.57,0.42,0.11,0.48,1.06,1207.91
3.99,0.05,0.04,70.21,0.52,10.76,0.81,0.87,0.79,1.59,755.68
4.33,0.02,0.04,74.8,1.11,11.61,0.14,0.03,0.21,0.27,1160.66
11.08,0.15,0.24,55.83,2.01,16.36,0.41,0.66,0.68,1.3,1084.04
4.53,0.15,0.18,66.97,0.87,10.86,0.31,0.58,0.62,2.19,1048.27
4.9,0.12,0.22,63.18,0.65,12.33,2.62,1.21,2.26,3.75,327.78
7.58,0.03,0.2,59.18,0.69,9.89,0.28,1,0.93,1.45,1111.71
3.21,0.02,0.02,70.37,0.35,5.03,0.23,0.08,0.28,0.9,772.3
6.71,0.03,0.16,58.78,0.66,11.75,0.13,1.17,1.38,1.49,974.44
7.02,0.04,0.13,58.05,0.78,7.88,0.56,0.9,0.77,1.14,1300.89
2.23,0.05,0.11,69.5,0.51,7.72,3.16,1.05,2.52,2.38,670.26
8.45,0.18,0.39,59.23,1.4,12.1,1.6,1.54,1.63,1.87,1238.79
3.61,0.1,0.07,69.06,0.57,12.64,2.79,3.1,1.34,1.18,836.13
8.95,0.06,0.13,56.85,0.98,19.37,0.03,0.13,0.84,3.1,1393.04
10.55,0.03,0.14,54.3,1.1,21.85,0.06,0.07,0.71,3.28,1433.23
3.49,0.09,0.1,66.72,0.44,8.75,1.57,1.24,1.09,1.78,447.24
5.24,0.06,0.3,62.87,0.84,15.7,1.51,2.36,0.98,1.89,1045.23
4.18,0.14,0.12,67.75,0.58,11.63,2.37,1.47,1.58,2.36,420.43
3.86,0.03,0.05,66.13,0.5,9.47,0.3,0.25,0.56,1.29,991.61
4.61,0.13,0.32,64.68,0.46,12.48,2.79,2.23,1.52,3.08,326.37
4.69,0.16,0.24,63.92,0.82,14.3,1.72,2.42,0.96,1.88,929.11
6.98,0.04,0.25,47.14,0.9,5.77,0.03,0.58,0.26,1.42,1344.95
16.26,0.32,0.39,46.74,2.97,18.96,0.29,0.35,0.35,0.81,1154.2
4.88,0.1,0.17,61.65,0.68,13.08,1.91,1.6,2.19,2.01,467.21
5.12,0.1,0.13,59.33,0.66,13.26,3.34,2.95,1.67,1.89,243.18
4.25,0.06,0.25,63.87,0.55,15.43,2.91,2.73,1.92,2.18,309.85
3.38,0.06,0.07,57.47,0.41,8.46,0.96,1.24,1.14,1.6,448.64
2.32,0.02,0.03,65.92,0.57,11.61,0.14,0.16,0.67,1.35,417.4
1.98,0.01,0.01,71.85,0.74,10.71,0.1,0.04,0.15,0.24,1229.95
5,0.05,0.14,55.7,0.63,11.48,0.47,1.17,0.99,1.41,1088.98
8.62,0.43,0.17,69.27,0.46,8.58,0.34,0.58,0.74,1.85,685.83
4.89,0.08,0.13,60.33,0.62,14.34,0.33,0.32,0.8,2.35,1488.5
5.29,0.09,0.16,62.67,0.59,14.21,2.38,2.52,1.51,1.37,481
2.89,0.08,0.05,63.67,0.28,8.74,0.48,0.79,0.58,1.31,1090.23
1.68,0.05,0.04,64.71,0.24,11.03,1.58,0.88,0.8,2.31,303.09
8.54,0.15,0.11,59.39,1.47,15.45,0.09,0.1,0.49,0.76,1497.14
5.46,0.07,0.12,60.52,0.71,15.03,2.41,2.66,1.41,1.03,700
3.62,0.01,0.04,67.92,0.72,10.7,0.03,0.01,0.07,0.17,1188.4
2.48,0.05,0.1,75.23,0.35,8.26,3.82,0.62,1.1,1.92,302.96
4.74,0.11,0.19,58.08,0.61,9.39,1.3,0.79,0.9,2,1002.46
3.37,0.07,0.12,69.55,0.4,9.69,3.28,1.11,1.63,1.71,464.49
4.15,0.31,0.2,64.29,0.94,13.01,0.4,0.47,0.77,2.39,1243.45
4.21,0.1,0.18,70.58,0.33,8.36,3.86,1.29,1.44,1.78,460.15
6.83,0.07,0.09,57.2,0.8,17.94,1.03,0.69,1.26,2.08,448.52
8.05,0.23,0.14,53.6,0.78,14.89,0.27,0.15,2.63,2.6,1146.54
5.12,0.09,0.09,59.58,0.63,14.54,2.41,1.63,2.43,1.65,239.03
2.69,0.04,0.03,73.25,0.37,7.52,5.02,0.51,1.87,2,158.02
9.09,0.27,0.51,59.62,1.35,16.86,4.13,3.59,1.61,1.81,262.33
4.7,0.08,0.19,53.09,0.52,8.79,3.52,2.09,1.57,2.19,759.66
4.27,0.22,0.41,62.2,0.72,10.8,1.63,2.08,0.8,1.73,874.73
3.5,0.02,0.03,54.92,0.44,7.03,0.27,0.09,0.44,1.03,772.3
4.59,0.18,0.4,61.86,0.77,13.35,1.63,2.03,0.97,1.82,912.58
5.43,0.05,0.06,55.87,1.11,15.86,0.49,0.47,0.55,1.07,1174.47
5.86,0.02,0.09,59.22,0.8,16.89,0.19,0.17,0.47,1.31,1175.89
6.21,0.14,0.3,51.41,0.81,10.16,3.99,2.86,1.18,1.47,173.64
2.2,0.05,0.1,63.78,0.28,7.87,4.79,1.73,2.34,1.43,494.61
4.83,0.17,0.39,49.98,0.94,14.48,1.54,2.1,0.93,1.65,911.66
2.29,0.05,0.1,68.68,0.42,7.62,6.54,1.11,0.84,1.95,406.52
7.38,0.15,0.2,49.49,1.43,20.88,0.43,0.29,0.9,1.46,1206.05
9.29,0.22,0.47,50.01,1.36,14.51,3.03,1.99,1.68,1.09,301
5.87,0.12,0.28,49.45,0.8,15.93,4.02,2.99,1.66,1.64,576.23
4.65,0.08,0.15,58.33,0.55,12.75,5.5,1.02,2.91,2.5,410.93
11.59,0.06,0.06,44.02,1.14,20.53,0.07,0.02,0.22,0.18,1145.39
10.45,0.06,0.08,49.47,1.05,21.91,0.15,0.03,0.27,0.27,1145.39
4.36,0.07,0.19,61.83,0.57,12.48,6.85,0.69,1.84,2.88,387.37
3.13,0.04,0.17,62.22,0.43,11.06,7.43,1.17,0.91,2.77,347.37
7.49,0.17,0.21,46.39,1.29,21.24,0.38,0.28,0.79,1.2,1198.58
2.9,0.06,0.16,62.76,0.49,9.21,7.52,1.14,1.05,2.21,411.05
6.53,0.05,0.18,43.82,1.3,21.45,0.36,0.14,0.79,0.95,1198.38
7.39,0.14,0.21,42.44,1.37,21.14,0.28,0.14,0.77,1.21,1200.01
7.78,0.14,0.31,41.76,0.86,13.48,3.2,1.86,3.34,0.76,1156.11
3.1,0.05,0.17,55.81,0.46,10.46,6.47,1.07,1.74,2.32,443.99
2.54,0.03,0.09,68.84,0.4,7.64,9.69,1.18,0.74,1.9,427.77
2.74,0.02,0.13,59.55,0.39,8.83,6.48,0.55,1.38,1.54,237.95
2.34,0.03,0.1,65.38,0.44,6.8,9.9,0.97,0.8,1.77,396.51
7.64,0.17,0.09,48.89,0.62,16.87,4.77,1.82,1.9,0.67,1298.71
2.16,0.03,0.08,59.7,0.33,7.34,8.94,0.7,1.2,1.63,241.31
2.57,0.13,0.12,52.31,0.36,8.35,8.57,1.18,2.17,1.62,620.28
3.22,0.05,0.15,53.87,0.44,9.64,10.12,1.23,1.84,2.09,356.12
2.27,0.04,0.09,56.05,0.35,7.87,9.46,0.83,1.27,1.63,248.11
2.55,0.12,0.15,52.32,0.35,7.56,9.13,1.16,3.01,1.35,636.35
3.33,0.07,0.21,56.5,0.49,10.02,10.94,0.87,1.45,2.21,341.04
5.64,0.15,0.37,46.08,0.71,14.73,10.87,2.32,2.43,2.08,170.85
2.95,0.04,0.09,48.95,0.38,9.6,13.07,0.28,2.56,2.84,386.07
3.82,0.06,0.21,42.42,0.45,11.32,13.97,0.44,5.15,2.38,223.62
2.48,0.08,0.13,52.11,0.31,7.07,15,0.8,2.55,1.33,519.86
1.06,0,0.03,60.17,0.16,4.66,16.6,0.01,0.73,1.01,297.46
3.12,0.04,0.11,39.59,0.37,9.19,15.77,0.7,2.17,1.88,285.56
2.09,0.04,0.07,46.31,0.37,6.77,18.35,0.99,1.09,1.54,353.66
4.51,0.08,0.2,4.96,0.31,7.46,10,0.6,2.43,0.95,203.71
1.11,0.01,0.03,52.87,0.27,4.12,22.46,0.42,0.44,1.34,580.56
2.01,0.03,0.15,38.04,0.3,6.54,21.56,0.48,3.27,1.46,482.51
0.97,0.01,0.07,24.87,0.13,3.35,38.93,0.06,0.63,0.21,870.71
0.57,0.02,0.09,10.59,0.09,1.74,44.88,0.2,0.98,0.4,449.01
